videoId,caption,categoryId,channelId,channelTitle,commentCount,defaultAudioLanguage,defaultLanguage,definition,description,dimension,dislikeCount,duration,favoriteCount,fetched,licensedContent,likeCount,liveBroadcastContent,party,projection,publishedAt,region,subtitle,tags,title,viewCount
OwVroefzte4,false,25,UCq2rogaxLtQFrYG3X3KYNww,AfD Kompakt TV,110,de,de,hd,"Nicolaus Fest, aussichtsreicher Kandidat der AfD zur Europawahl (Listenplatz 6), nimmt sich die Irrungen und Wirrungen der GroKo spitzzüngig vor - sehenswert!

JETZT direkt unseren YouTube-Kanal abonnieren:
https://www.youtube.com/channel/UCq2rogaxLtQFrYG3X3KYNww/about?sub_confirmation=1

Alle Infos zu unseren Kandidaten und unserem Wahlprogramm: https://www.afd.de/europawahl/
YouTube-Kanal von Nicolaus Fest: https://www.youtube.com/channel/UCwc3Sdp4MRj8l72wFmOdS5w",2d,4,PT5M47S,0,2019-02-20 21:15:58.070594,False,1510,none,afd,rectangular,2019-02-19T19:11:39.000Z,GE,guten tag gestern großer zapfenstreich im regierungsrat angeblich konservativer in der faz veröffentlichten die chefs von cdu und csu also andy reid kam karrenbauer hkk und markus söder ihre pläne für die kommende eu und warum die eu wahl am 26 so wichtig ist mit dabei war auch ihr gemeinsamer spitzenkandidat für die eu wahl dessen name allerdings nichts zur sache tut ihm zu nennen würde vielmehr eine individualität und bedeutung suggerieren die jedem einfach nicht zukommt denn er ist ein völlig stromlinienförmiger apparatschik was wollen sie da und ak sie wollen ein starkes und handlungsfähiges europa wie stark und handlungsfähig europa ist hat man den letzten jahren gesehen der migrationsbewegung die sich spätestens mit dem arabischen frühling ankündigte stand die eu drei jahre lang hilflos und untätig gegenüber erst klare grenzschutz maßnahmen von zwei rechtspopulisten italiens innenminister alwin i und ungarns regierungschef orban haben die illegale invasion deutlich verringert klar ist nicht die eu in der cdu und csu eine wichtige rolle spielen zeigte sich stark und handlungsfähig sondern nur der nationalstaat söder und aqaba wollen einen ausverkauf unserer schlüsselindustrien nicht hinnehmen das ist schon längst passiert zuletzt beim roboterhersteller kuka plötzlich wollen also jene leute deutsche schlüsselindustrien schützen die monatelang der demontage der deutschen automobilwirtschaft und ihrer dieseltechnologie tatenlos zugeschaut haben die feder führen den atomausstieg und den damit zusammenhängenden technologie verlust deutscher firmen verantworten müssen und die beide mit den grünen zusammen gehen wollen also mit einer klar industrie feindlichen partei will das ernsthaft irgendwer glauben aber söder und hkk müssen so tun als hätten sie etwas für den deutschen arbeiter wir denken wirtschaftliche dynamik und soziale sicherheit zusammen da sollte man mal die fragen die dank der eu ihren job hier verloren haben weil per eu freizügigkeit und eu entsenderichtlinie leute ins land kam mit denen sie nicht konkurrieren konnten die als angeblich selbstständige unternehmer ihre arbeitskraft zu hungerlöhnen anbieten von denen keinen deut erleben kann zum beispiel fleischfabriken da arbeitet kein deutscher mehr dabei den rumänen und bulgaren für drei euro die stunde danke danke a kk danke markus söder oder man fragt die deutschen brummifahrer auch die freuen sich total über die osteuropäische konkurrenz die zu einem achtel der deutschen löhne unterwegs ist oder man fragt die 30 oder 35 oder 40 prozent arbeitslosen jugendlichen in spanien in griechenland italien portugal da ist die eu ja auch eine totale soziale erfolgsgeschichte ausverkauf deutscher schlüsseltechnologie arbeitslosigkeit und skandalöses lohndumping ist es das was söder und acker kam ein wenn sie wirtschaftliche dynamik und soziale sicherheit zusammen denken die wahrheit ist die eu wie wir sie heute haben und wie söder und ak si fortsetzen wollen ist ein brutaler neoliberaler mit verlaub gesagt scheißdreck es ging nie um soziale sicherheit sondern allein und märkte märkte märkte die menschen deren soziale strukturen und kultur spielte nie eine rolle in polen und rumänien hat die eu die alte kleinbäuerliche landwirtschaft zerstört in vielen mittelmeerländern die traditionelle fischerei dafür arbeiten da jetzt arbeitslohn maden aus afrika und den philippinen und in deutschland bauen arme schlucker aus portugal polen und den baltischen staaten als ausgebeutete sub unternehmer die autobahn ist das nicht super sozialstandards ag aber bilder ich bin ich bin nicht und größere profite für die großunternehmen das ist mal eine vision danke ak danke markus söder wir wollen unser herzensprojekt nicht denen ausliefern die schon so oft katastrophen und unglück über den kontinent gebracht haben sagen hkk und söder stimmt europa ist auch ein herzensprojekt von mir eben deshalb muss man es in altparteien und der eu weg nehmen die so viel unglück über europa und seine arbeitnehmer gebracht haben deshalb am 26 afg wählen denn nur wir stehen für ein besseres ein sicheres ein gerechtes europa noch etwas wie sie vermutlich wissen setzt der deutsche reporter billy six seit drei monaten männer im gefängnis anders als das linke ekelpaket deniz yücel der in der türkei einen saß gehört billy sex nicht zu den hofberichterstattern der regierung daher tut die bundesregierung tut außenminister heiko maas tun die medien nichts daher meine bitte helfen sie billy six unterzeichnen sie die petition für seine freilassung den link zur petition finden sie im begleittext zu diesem video vielen dank,"['AfD', 'Nicolaus Fest', 'Söder und AKK', 'Alternative für Deutschland', 'EU', 'Europawahl']",Nicolaus Fest: Söder und AKK - Die große EU-Lüge!,8964
462TggHNftM,false,25,UC1PO45tNfIfTDEqXMiiCqmQ,AfD-Landtags-TV,24,de,,sd,"Wiebke Muhsal redet über das neue Shulgesetz in Thüringen.
.Folgen Sie der AfD-Fraktion im Thüringer Landtag in den sozialen Netzwerken:
• Facebook: https://www.facebook.com/afd.thl/
• Twitter: https://twitter.com/AfD_ThL
• Website: http://afd-thl.de/

Folgen Sie auch unseren Abgeordneten in den sozialen Netzwerken:

Björn Höcke
• Facebook: https://www.facebook.com/Bjoern.Hoecke.AfD/
• Twitter: https://twitter.com/BjoernHoecke
• Website: http://www.bjoern-hoecke.de

Wiebke Muhsal: 
• Facebook: https://www.facebook.com/wiebke.muhsal/
• Twitter: https://twitter.com/WMuhsal
• Instagram: https://www.instagram.com/wiebke_muhsal/

Thomas Rudy: 
• Facebook: https://www.facebook.com/thomas.rudy.afd/
• Twitter: https://twitter.com/Keineausrede

Olaf Kießling
• Facebook: https://www.facebook.com/olaf.kiessling.afd/
• Website: http://www.olaf-kiessling.de

Stefan Möller: 
• Facebook: https://www.facebook.com/stefan.moeller.afd/
• Twitter: https://twitter.com/MoellerAfD
• Website: http://www.th-blog.de

Jörg Henke
• Website: http://www.afd-henke.de/
https://www.facebook.com/pages/J%C3%B6rg-Henke/356217227874754

Corinna Herold: 
• Facebook: https://www.facebook.com/Corinna-Herold-1614039335501117/",2d,,PT20M3S,0,2019-02-20 21:16:00.944671,False,,none,afd,rectangular,2019-01-08T16:06:22.000Z,GE,vielen dank frau präsidentin meine sehr geehrten damen und herren abgeordnete liebe gäste sehr geehrter herr minister holter wir haben hier viel allgemeines gesagt vieles was ich trotz der allgemeinheit kritikwürdig finde unter anderem auch einen ausspruch der natürlich sehr schön klingt nämlich gemeinsam sind wir stark der aber natürlich auch so nahezu auf jeden sachverhalt passen kann und deswegen so platt uns dass er zum einen wir glaube ich eher nicht anwendbar ist und vor allem auch nicht anwendbar ist wenn es faktisch keine gemeinsamkeiten gibt zwischen den akteuren habe mir vorgenommen eine sache die sie gesagt haben herauszugreifen weil ich glaube dass sie ganz gut ihre denkweise zeigt die vielleicht auch durch ihren sed werdegang geprägt ist ich weiß es nicht sie haben gesagt sie haben beteiligungs veranstaltungen gemacht regionalforen und dann haben sie gesagt niemand kann sagen dass er nicht berücksichtigt wurde und ich finde dass kritik würde ich zum einen weil sie quasi sagen da ich als minister ich habe mich bemüht also darf niemand mehr was sagen und dass der dieses kriterium ich habe mich bemüht und ich habe etwas mut gemacht etwas deutlich anderes ist er sollte ihn auch bekannt sein und der zweite punkt ist dass ich auch nicht finde dass es ihnen als minister oder dass man ist als minister tun sollte wenn man eltern lehrer schüler hat viele verunsichert sind dass man dann her geht und sagt niemand kann sagen was auch immer es steht ihm nicht zu und natürlich kann jeder kritisieren jeder kann sagen was er möchte und ich glaube auch dass die stimmung in thüringen so ist es viele kritisieren und versuchen eben noch was an dieser reform wie sie denen zuwenden viele eltern sind verunsichert weil sie nicht wissen ob die schule in die ihr kind geht oder auch gehen soll in ein paar jahren noch vorhanden sein wird viele schüler sind verunsichert weil so viel unterricht ausfällt wie noch nie und die landesregierung eben keine lösung anbietet vor allem nicht mit diesem schulgesetz viele lehrer sind verunsichert weil das neue schulgesetz unsere schullandschaft in ihren grundpfeilern durcheinander wird und es auch momentan aussieht als ob man als lehrer eben auch dagegen nicht viel machen kann selbstverständlich haben lehrer schüler und eltern ein recht verunsichert zu sein wenn die landesregierung das umsetzt was in diesem gesetzentwurf steht dann wird das schwerwiegende folgen nicht nur für die schüler heute sondern auch für die zukünftigen schüler generation haben wenn ich ihren gesetzentwurf sehe dann sage ich bestehendes kaputt zu machen das fällt ihnen offenbar ganz leicht mit einem fingerschnipsen werfen sie unser förderschulsystem über den haufen und sie zerstören damit bildungschancen vieler kinder und um die geht es doch so schnell kann man ehrlich gesagt gar nicht mit den augen klimpern wie schnell sie die vorteile die ein gegliedertes und leistungsorientiertes schulsystem für unsere schüler hat verleugnen an sich auf den weg zu einer einheitsschule mit einheits lehrern machen und er weiter wenn sie sagen inklusion beginnt im kopf dann sagt ich ihn ich habe den eindruck dass das prinzip einheitsschule bei ihm im kopf beginnt und das ist absolut negativ für die schulen in thüringen insgesamt setzten sie einen bildungspolitischen abschwung in gang der einmal in richtung tal unterwegs nur schwer wieder aufzuhalten ist und für uns als ab der fraktion sage ich ganz klar dass wir diese umwälzungen die die rot rot grüne landesregierung vornehmen möchte nicht unterstützen und alles was uns parlamentarisch zu steht dagegen tun werden um es aufzuhalten wir als fdp stehen auf der seite der schüler die die reguläre unterricht einteilung ohne stundenausfall wollen wir als fdp stehen auf der seite der eltern die das beste für ihre kinder wollen nämlich eine gute schulbildung mit der ihre kinder als mündige staatsbürger ihr leben selbst gestalten können wir als fdp stehen auf der seite der lehrer die jeden tag vollen einsatz zeigen aber an ihre grenzen geraten werden wenn die landesregierung sie in zukunft zwischen in den schulen hin und her fahren lässt und im interesse dieser schüler lehrer und eltern werden wir eben das tun was ich gesagt habe ihnen unseren widerstand entgegensetzen wichtig ist uns dabei der schutz und die optimale förderung derer die dieses schutzes besonders bedürfen nämlich der kinder mit sonderpädagogischem förderbedarf in thüringen und in deutschland haben diese kinder das glück auf ein hochwertiges gut ausgebaut ist und vielseitiges förderschulsystem zurückgreifen zu können und das soll in unseren augen auch so bleiben und deswegen finde ich es befremdlich wenn sie in der problembeschreibung ihres gesetzentwurfes sagen dass förderschulen weiterhin möglich sein sollen und dann der satz folgt ich zitiere wörtlich die damit verbundenen absehbaren konsequenzen insbesondere hinsichtlich des lehrerbedarfs und der kosten des schul aufwand aufwands sind zu tragen sie suggerieren an dieser stelle dass der erhalt der förderschulen ein finanzieller mehraufwand wäre was doch mitnichten der fall ist wenn man sich die lage mal anguckt die förderschulen existieren schon sie sind ausgestattet und entsprechend ausgebildete lehrer unterrichten dort ein finanzieller mehraufwand gegenüber dem was jetzt ist entsteht auch eben nicht durch den beibehalt der förderschulen sondern durch die in ihr weg das komplette schulsystem inklusive aller schüler ob beeinträchtigt oder nicht in ihre welt der inklusion zu pressen und wenn sie flächendeckend dann gemeinsam unterricht mit der brechstange durchsetzen heißt das selbstverständlich dass sie die ressourcen namentlich die lehrer die momentan in den förderschulen unterrichten dort abziehen werden wenn sie flächendeckend gemeinsam unterricht durchsetzen heißt das dass der unterricht für alle kinder also für diejenigen die eine besondere betreuung brauchen aber auch für diejenigen die eben keine brauchen darunter leidet das sind die konsequenzen ihres gesetzentwurfs und darüber sollten die eltern und kinder mal informieren das die inklusion mit der brechstange nicht ohne ausreichende vorbereitung auch dass die inklusion mit der brechstange ohne ausreichende vorbereitung nicht funktioniert zeigt sich auch an weniger prominenter stelle ihres gesetzentwurfs wo sie dann plötzlich zu den kosten des landes zu geben ich zitiere im rahmen der beabsichtigten weiterentwicklung des gemeinsamen unterrichts wird ein nicht prognostizierbare personalmehrbedarf entstehen und zu den kosten der kommunen sagen sie dann ganz lapidar die konkrete höhe der eventuellen steigerung sonstiger sachkosten durch den ausbau des gemeinsamen unterrichts ist nicht prognostizierbar sie geben also an der stelle an der sie es tun müssen wo es um die kosten geht das deutliche mehrkosten durch den gemeinsamen unterricht entstehen werden und das auch mehr kosten auf die kommunen zukommen beides können sie nicht beziffern und für beide stellen sie auch offensichtlich kein geld zur verfügung das wird nicht nur planlos sondern lässt auch den schluss zu dass sie gerade durch das ausbluten lassen der förderschulen am falschen ende sparen werden und am ende kommt dann natürlich die konsequenz die behaupten dann so groß wären die mehrkosten für den gemeinsamen unterricht dann gar nicht dass währenddessen an allgemeinbildenden schulen wir an förderschulen der unterricht drunter und drüber geht scheint sie auch nicht zu interessieren es ist also kein geheimnis dass sie als landesregierung einen anderen weg gehen als dem dfb zu bevorzugen würden das ziel der landesregierung ist ganz klar die entkernung der förderschulen als kursziel oder mittelfristiges ziel und langfristig die schließung der förderschule als solche und dagegen gibt es natürlich berechtigten widerstand diesen widerstand versuchen sie zwar in ihrer rede auszublenden dennoch scheint die landesregierung ihnen bemerkt zu haben denn in dem gesetzesentwurf werden einige verrenkungen gemacht um den begriff schule und zu definieren und so zu tun als würde sie nicht schon als würden sie als landesregierung nicht schon die ersten schritte in richtung lesung der förderschulen tun in paragraf 13 absatz 1 satz 4 des entwurfs wird eine definition davon was schule sein soll eingefügt im nächsten satz folgt dann die aussage ich zitiere mit ihrer erlaubnis förderschulen gelten abweichend von satz 4 auch dann als schulen wenn sie ausschließlich schüler fördern die 1 pool verhältnis zu einer allgemeinen schule begründet haben mit anderen worten die landesregierung behauptet wir stellen hier ein gebäude hin in diesem gebäude sind keine schüler in diesem gebäude sind vermutlich auch keine lehrer in diesem gebäude wird definitiv kein unterricht erteilt aber dieses gebäude hat den namen schule wir als landesregierung sagen dass und deswegen muss das jeder glauben meine damen und herren der landesregierung sehr geehrter herr minister sie schreiben gesetze nach dem motto einbildung ist auch eine bildung und das ist wirklich irre mit großer sorge sehe ich auch dass sie andere schularten wie dem gymnasium oder der regelschule an den kragen wollen das ist ja schon angesprochen worden in § 3a des entwurfs legen sie fest dass das schulsystem fortan nicht nur nach schularten gegliedert sondern vor allem auch nach schulstufen aus aufgebaut wert sein sollen gleichzeitig erinnern wir uns daran dass bildungsminister holger schon im august angekündigt hat lehrer nicht mehr nach schularten sondern schulstufen bezogen ausbilden lassen zu wollen auch hier erkennen wir das von der landesregierung eben keine schulvielfalt gewollt ist sie wollen keine grundschule sie wollen keine regelschulen gymnasien und förderschulen sie wollen als endziel einheitsschulen in denen dann keine differenzierung nach leistungen mehr möglich ist dass meine damen und herren der landesregierung hat aber nichts mit bildung zu tun sondern ist schlicht und ergreifend gleichmacherischen sinn der uns uns und unser land zurückwerfen wird ins bildungspolitische mittelalter in die gleiche kerbe schlägt auch ihr vorschlag zu den klassen und schulgröße gemeinschaftsschulen müssen mindestens 260 schüler in den klassenstufen fünf bis zehn und in der oberstufe mindestens 40 haben insgesamt also 300 gymnasien hingegen müssen deutlich mehr schüler vor weiß noch mehr essen zu bleiben nämlich 540 also gymnasien haben dann müssen im endeffekt gesehen wenn man zusammen rechnet 240 schüler mehr haben als gemeinschaftsschule mit gymnasialer oberstufe das ist eine offensichtliche ungleichbehandlung das ist ungerecht und recht und jetzt zweifellos dazu führen dass im nahen gegenüber gemeinschaftsschulen zurückgedrängt werden obwohl diese schulform doch bei eltern und schülern erwünscht ist und erwartung sie haben das vorhin so schön gesagt dass ihr ursprungs gesetzesentwurf wäre eine schulschließung programm geworden so ganz lapidar haben sie das mal hingeworfen glaubt das ist nach dem jetzigen entwurf nicht anders ihre vorschläge zur schule und klassengrößen sind insgesamt kritisch insbesondere auch auf für die grundschulen auf die ich eingehen möchte gestatten serie zwischen frage des abgeordneten hatten am ende gerne wenn ich noch seine wie willkürlich das ganze ist können sie auch daran erkennen dass herr minister holter die schuhe größe für grundschulen zunächst auf 160 schüler pro schule festgelegt hat diese zahl aber nach massiven protesten revidiert hat und plötzlich braucht man nicht mehr 160 schüler pro grundschule sondern nur noch 80 wo da die rote linie bleiben soll das bleibt ja wohl ihr wohl gehütetes geheimnis auch für gronau es gibt einen weiteren wunsch aber inzwischen frage des abgeordneten wolf mit blick auf die redezeit gerne wenn es am ende möglich auch für grundschüler sind ihre vorschläge also dann ganz besonders kritisch wenn die mindestschülerzahl da nicht erreicht werden kann was gerade auf dem land zweifellos vorkommen wird dann ist die schule natürlich von der schließung bedroht wenn sie nicht geschlossen werden will dann muss sie sich zu einer kooperation mit anderen schulen bereit erklären was für grundschüler im extremfall heißen kann dass sie nicht nur die von ihnen auf 35 minuten festgelegte maximale schulwegs zeit haben sondern auch zwischen verschiedenen schulen hin und her pendeln müssen oder eben lehrer haben die selten sehen weil die lehrer zwischen den verschiedenen standorten hin und her pendeln müssen und da hilft es auch nichts immer zu sagen das ist alles freilich dass diese argumentation kriegen wir kennen wir ja von der gebietsreform dann sagen sie auch immer ja die für die fusion sind alle freiwillig aber fakt ist doch entweder die gemeinden fusionieren oder es kommt nur konsequenz und das prinzip wenden sie jetzt auch bei den schulen an sagen entweder ihr kooperiert oder ihr werdet geschlossen und das ist nicht das prinzip freiwilligkeit das ist das prinzip friss oder stirb und ich sage auch ganz deutlich dass ich das gerade im grundschulbereich quartal finde und dass wir als afd diese entwicklung nicht wollen für alle schulen außer der gemeinschaftsschule ist absehbar dass ihre kooperationsmodelle zu schulschließungen oder eben auch zu einer massiven verschlechterung des unterrichts und der situation der lehrer kommen wird ihr gesetzesentwurf ist kein weg den lehrermangel zu bekämpfen ich habe auch noch keinen vorschlag gehört der sich darauf bezieht kein weg dafür zu sorgen dass weniger stunden ausfallen ihr gesetzentwurf ist ein rot-rot-grünes chaos stiften auf dem weg zum einheits lehrer an der einheitsschule und ich sage ihnen jetzt schon voraus wenn dieses gesetz so umgesetzt wird und in der nächsten legislatur nicht nur nicht durch bürgerliche kräfte gegengesteuert werden kann dann ist unsere schullandschaft in zehn jahren einfältig stadt vielfältig leistungsfach stadt leistungsorientiert und in ihrem heutigen kern zerstört und minister heute hat ja angekündigt das ganze bis 2030 geschafft haben zu wollen wie er heißt afd stellen uns natürlich vor dass eine intensive diskussion zumindest geführt wird bitte daher um überweisungen des gesetzesentwurfs in verschiedene ausschuss und zwar in den bildungsausschuss in den finanzausschuss und auch in den ausschuss für inneres und kommunales weil ich das ganze thema sehr wichtig finde möchte ich auf ihren antrag zur un-behindertenrechtskonvention noch gesondert eingehen allgemein finde ich das thema wichtig weil ich es wichtig finde dass wir als gesellschaft oder auch als parlament diskutieren wie wir mit menschen die mit einer behinderung leben müssen umgehen und wie wir sie unterstützen können leider ist das ein bereich der von rot-rot-grün konsequent vernachlässigt wird und sich auch in ihrem antrag überhaupt gar nicht wieder findet auch bei ihnen in der einbringung herrschaft habe ich viel von inklusion gehört aber nichts über die menschen um die es eigentlich geht sie versteifen sich darauf flächen deckende inklusion in allen schulen durchsetzen zu wollen aber mit keinem wort gehen sie eben darauf an ein welche folgen das für die betreffenden menschen tatsächlich hat nicht mit einem wort erklären sie in welchen lebenslagen sind die menschen die mit einer behinderung leben in welchen lebenslagen befinden sie sich nicht mit einem wort erklären sie welchen mehrwert ein inklusives schulsystem für all diese kinder haben sollen und das sollte man noch einmal begründen sie blenden die menschen über deren lebenswelt sie heute beschließen wollen komplett aus weil sie nicht wollen dass die sinnhaftigkeit fläzen flächendeckender inklusion hinterfragt wird sie gehen und stellen ein inklusives schulsystem als etwas absolutes da als etwas was unhinterfragt war gut sein soll dadurch stellen sie eben nicht nur sich selbst als die angeblich guten menschen hängen sondern sie stellen auch kritiker des unterfangens als angeblich schlechte menschen hin wir haben dass er in einer debatte glaube ich auch vorhin schon gehört sie versuchen sie versuchen damit auch eine debatte darüber ob ein inklusives schulsystem für betroffene kinder und jugendliche sinnvoll ist so erschweren auf die unsachlichen schiene zu ziehen wenn nicht gar zu unterbinden das finde ich bedauerlich nicht nur für unsere demokratie sondern auch für die betroffenen menschen bevor wir uns allerdings der frage widmen die flächendeckende inklusion überhaupt realisiert werden soll sollten wie ihr argument warum wir angeblich ein inklusives schulsystem installieren müssen unter die lupe nehmen sie argumentieren in ihrem antrag nicht mit den bedürfnissen der betroffenen menschen sie argumentieren mit der existenz der un behindertenrechtskonvention ja die un behindertenrechtskonvention ist für deutschland verbindlich in ihr steht aber mitnichten dass deutschland oder thüringen verpflichtet werden ein inklusives schulsystem zu installieren oder gar förderschulen abzuschaffen und dass sie sich auf die un behindertenrechtskonvention berufen um unser förderschulsystem kaputt zu machen das wird auch dadurch nicht besser dass ihr es wiederholt und mit schnappatmung tun gerade weil sie sich wiederholt weigert an diesen punkt noch einmal zur kenntnis zu nehmen möchte ich auch darauf noch mal eingehen der deutsche text der un behindertenrechtskonvention enthält an keiner stelle die wörter inklusion oder inclusive lassen sie mich doch erst mal wenn das das problem ist dann berufen sie sich doch gar nicht auf die un behindertenrechtskonvention also die un behindertenrechtskonvention enthält diese wörter inklusion und inclusive an keiner einzigen stelle auch wenn sie noch so ramm entern das englische wort inclusive wird im deutschen text mit integrativ wiedergegeben das englische wort inklusion dass ich in der englischen vertrags fassung dann auch findet wird in der deutschen fassung in der regel mit teilhabe übersetzt es geht in der un-behindertenrechtskonvention also richtigerweise um teilhabe von menschen die mit einer behinderung leben an bildung an unserem bildungssystem es geht in der un-behindertenrechtskonvention nicht um einen flächen den inklusiven unterricht und schon gar nicht um die abschaffung der förderschulen und im interesse der betroffenen im interesse einer d filmen diskussion würde ich sie bitten diese tatsache endlich einmal zur kenntnis zu nehmen und auch noch ein aspekt möchte ich sie gerne hinweisen die vereinten nationen bestehen derzeit aus 193 staaten unter diesen staaten befinden sich sicherlich starten die einem niveau deutschland vergleichbares bildungssystem haben unter diesen 193 staaten gibt es aber auch noch viel mehr starten in den vollkommen andere teils äußerst bedauernswerte zustände herrschen was den zustand des staates im allgemeinen die sicherheit die bildung und eben auch die bildungsmöglichkeiten von kindern die mit einer behinderung leben betrifft und in diesen staaten ist es eben nicht nur allgemein problematisch dass kinder überhaupt bildung erhalten es insbesondere problematisch dass kinder die mit einer behinderung leben überhaupt nicht zur schule geschickt werden und gerade für solche kinder soll auch das von der un behindertenrechtskonvention gewollte integrativen schulsystem eine chance bieten und wenn es um deutschland um thüringen geht dann sage ich trotz aller probleme in der schulpolitik was man eine lehre einstellungen und ausfallstunden angeht trotz allem was zu verbessern wäre finden kinder die mit einer behinderung leben an deutschen förderschulen gute wenn nicht sogar die besten bedingungen im vergleich zu den bedingungen anderer staaten vor deswegen wollen wir ich kann es nur wieder betonen als auch die förderschulen erhalten und inklusion nur an speziellen schwerpunkt schulen ermöglichen die dann eben auch personelle und sächliche so ausgestattet sein müssen dass es klappt selbstverständlich ist der erhalt der förderschulen eine maßnahme die von der forderung dass der un behindertenrechtskonvention dass kinder die mit einer behinderung leben an bildung teilhaben sollen gedeckt ist selbstverständlich werden kinder die an einer förderschule lernen und dazu befähigt werden ihr leben möglichst selbstbestimmt und bei bedarf möglichst gut mit unterstützung zu meistern in unsere gesellschaft integriert genauso selbstverständlich kann man an dieser stelle fragen ob wir als gesellschaft hier noch mehr leisten können und diese diskussion wollen wir als afd gerne führen was wir aber nicht tun wollen ist inklusion zu einer ala über allem stehende gesellschaft doktrin zu erheben die als solche nicht mehr hinterfragt werden darf und damit komme ich zu der in ihrem antrag aufgeworfenen frage wie inklusion überhaupt realisiert werden sollen ich finde es erstaunlich dass ihnen diese frage hat jetzt anfällt sie reagieren seit sie regieren seit vier jahren installieren mit der mit der angesichts des großen widerstandes größtmöglichen geschwindigkeit ein inklusives schulsystem und mittendrin merken sie dann plötzlich dass es vorne und hinten nicht funktioniert dass das kind in den brunnen fällt und sie fragen sich wie überhaupt die grundvoraussetzung für das was sie längst in gang gesetzt haben geschaffen werden sollen in diesem zusammenhang soll die landesregierung laut ihrem antrag maßnahmen aufzeigen wie sie ich zitiere zukünftig sonderpädagogisch qualifiziertes personal für thüringer schulen gewinnen und vorhalten will das ist in der tat eine interessante frage da es der landesregierung noch nicht einmal gelingt überhaupt ausreichend lehrer an unsere schule zu bringen um den regulären unterricht zu gewährleisten dass die schule dass sie die schulen dann auch noch umfassend mit der inklusion überfordern das zeigt dass sie als koalition mit ihren vorstellungen von inklusion auf dem weg nach utopia sind ihr antrag geht komplett an den bedürfnissen von kindern die mit einer behinderung leben vorbei und deswegen das sage ich ihnen schon lehnen wir ihn ab herzlichen dank herr hartung wenn sie noch wollen verantwortlichen fragen hat irgendwer jetzt das wort ja vielen dank dass die frage stellen darf würden sie bitte zur kenntnis,"['afd', 'afd rede', 'afd thüringen landtag', 'afd thüringen', 'afd thüringen fraktion', 'wiebke muhsal', 'schulgesetz thüringen']","Thüringer Schulgesetz - Viele Lehrer sind besorgt! (Wiebke Muhsal, AfD)",1535
kSuYF4eqRWs,false,25,UCNz-EGSd5BXEoTcLcYCGsig,AfD Bayern TV,38,de,de,hd,"Am 03.01. war eine Delegation der AfD-Fraktion im Bayerischen Landtag zu Besuch in Amberg. Vor Ort haben sich die Abgeordneten bei einem zweistündigen Besuch bei der Polizei und in Gesprächen mit den Bürgern über die Hetzjagd, deren Folgen und Einordnung informiert.

Sehen Sie hier die Statements zu diesem Informationsbesuch.

----------------------------------------------------------------------------------------------

Abonnieren Sie unseren Kanal (AfD Bayern TV) und erhalten Sie immer unsere aktuellsten Film-Beiträge!
(aktivieren Sie auch die E-Mail Benachrichtigung über das Zahnrad)

Wir bitten Sie unsere Filme auf FB, Twitter und Co zu teilen! Vielen Dank

Das verändern unserer Filme oder der Filmbeschreibung ist nicht zulässig! Gern könnt ihr aber unsere Videos teilen. Vielen Dank",2d,7,PT3M41S,0,2019-02-20 21:16:04.397555,False,161,none,afd,rectangular,2019-01-05T14:15:59.000Z,BY,liebe bürgerinnen und bürger wir waren ein in amberg unterwegs und haben drei besorgte bürger angerufen und angeschrieben auf facebook und wir haben uns mit ihnen getroffen und wir haben genau zugehört weil mit dem slogan ebner steiner hörzu war ich auch im wahlkampf unterwegs die boe und die bürger haben mir erzählt dass sie angst haben wenn sie abends auf der straße sind wenn die kinder vor allem abends unterwegs sind es hat ja auch hier in einen 13-jährigen jungen getroffen der hier angegriffen wurde und ich habe selbst vier kinder und da mache ich mir sorgen nicht nur um meine kinder ich mache mir auch sorgen um ihre kinder und deswegen waren wir heute hier mit meinen fraktionskollegen wir waren hier in amberg in der polizeiinspektion in dem fall ist erschreckend zu sehen das auf einem auf einer ländlichen dienststelle wie am berg das auch hier so ein fall möglich ist und dass sämtliche streifen von der ganzen umgebung zusammen gezogen werden musste um die situation zu klären und dadurch wurden natürlich die ganzen anderen landkreise völlig brach liegen gelassen und dort war keine polizei vor ort so dass wenn dann noch mal ein großereignis gewesen wäre dass man diese lage nicht hätte bewältigen können und da müssen wir ansetzen wir brauchen mehr personal wir brauchen mehr polizisten in bayern müssen straftäter schneller abgeschoben werden wir brauchen effektivere asylgesetze und abschiebe regeln diese stadt macht einen sehr friedfertigen eindruck und immer noch so wie sie kenne nur da scheint sich doch veränderungen ergeben zu haben die ich auf den ersten blick vielleicht nicht zu erkennen sind aber schaut man etwas genauer hinschaut man auf die ganzen in migrations zahlen glaube ich dass diese erlebnisse wie sie jetzt den an berg hatten nicht der letzten bahn ist überhaupt nicht am werk sein es war eine andere kleinstadt treffen allerdings mögen auch die größeren städte betroffen seien aber das ist nicht ende der fahnenstange und deshalb müssen wir hier als politiker natürlich rechtzeitig auf allen ebenen entgegensteuern vor allen dingen muss man konstatieren dass die forderungen die schon seit vielen jahren auch von der etablierten politik gestellt werden nämlich nach einer schnelleren abschiebung von straffällig gewordenen ausländern nach wie vor nicht umgesetzt worden sind und auch offensichtlich hier in dem aktuellen fall nicht umgesetzt werden können von seiten des herrn seehofer dass der mund wieder ziemlich voll genommen wurde bezüglich schnellere abschiebungen usw ist ja eigentlich taktisches mittel weil ich es immer wieder ausgegraben wird wenn irgendwo im zuge von der inneren sicherheit auch in bezug auf die ausländerkriminalität die migranten kriminalität irgendwo in deutschland etwas passiert der mond ist so voll es wird an schärfe auf jeden fall immer angepackt passiert ist letztendlich bis jetzt nichts auch hier im aktuellen fall haben wir wieder mit wiederholungstätern zu tun mit leuten die teilweise schon längst abgeschrieben sein sollten in der praxis funktioniert das allerdings nicht ich spreche hier als frau und mutter und ich mache mir sorgen um die frauen hier in unserem land nur meine kinder und ich mache mir sorgen um ihre kinder und deswegen waren wir heute hier in amberg wir wollen dass sie sich wieder sicher sicherer fühlen können und deswegen werden wir im landtag alles dafür unternehmen dass bayern wieder sicher wird,"['AfD', 'AfD Bayern', 'AfD TV', 'AfD Videos', 'AfD Bayern TV', 'AfD Bayern Video', 'AfD Bayern Videos', 'AfD Fraktion Bayern', 'Katrin Ebner-Steiner', 'Richard Graupner', 'Stefan Löw', 'Bernhard Zimniok', 'Roland Magerl', 'Amberg']",Die AfD-Fraktion auf Informationsbesuch in Amberg,1877
OQIpTmBy6No,false,25,UC_dZp8bZipnjntBGLVHm6rw,AfD-Fraktion Bundestag,130,de,,hd,"Offizieller Kanal der AfD-Fraktion im Deutschen Bundestag
Jetzt abonnieren ► https://www.youtube.com/channel/UC_dZp8bZipnjntBGLVHm6rw/about?sub_confirmation=1

Andere Social Media Kanäle
AfD-Fraktion in Facebook: 
https://www.facebook.com/afdimbundestag/
AfD-Fraktion auf Twitter: 
https://twitter.com/AfDimBundestag/
AfD-Fraktion auf Instagram:
https://www.instagram.com/afdimbundestag",2d,5,PT5M43S,0,2019-02-20 21:16:07.248138,False,1233,none,afd,rectangular,2019-02-20T15:40:02.000Z,BE,herr präsident meine damen und herren es ist schon erstaunlich mit wie wenig sich die politische kaste unseres landes mittlerweile zufriedengibt in münchen hält bundeskanzlerin angela merkel eine rede beschreibt die schieflage der welt kaste ist übrigens in der bezeichnung dass indien gehört in die therapie graf lambsdorff jetzt haben sie es gelernt in münchen hält bundeskanzlerin angela merkel eine rede beschreibt die schieflage der welt und die außen- und sicherheitspolitiker der union geraten in verzückung ein flammender appell an die internationale zusammenarbeit sei das gewesen merkels politisches vermächtnis sei das gewesen die ruhe die richtige emotionalität habe die bundeskanzlerin an den tag gelegt die presse sah das weiß auch so ich saß am letzten samstag auch in dem raum die bundeskanzler hat zweifelsfrei die gunst der stunde genutzt und eben und emotionalität erzeugt nur sehr geehrte kollegen von der union für emotionalität allein können sie sich in der welt der staaten und der interessen nichts kaufen sie wissen auch sie wissen auch dass die worte der regierungschefin durch nichts hinterlegt sind deutschland steht dank der bundeskanzlerin am spielfeldrand der internationalen politik und schaut zu ein kleiner halbsatz in merkels rede machte das deutlich zum thema ihren vertrag sagte sie in münchen ich zitiere ein vertrag der im grunde für europa gefunden wurde 1 abrüstungsvertrag der unsere sicherheit betrifft wird von den vereinigten staaten von amerika und russland in der rechtsnachfolge der sowjetunion gekündigt und wir sitzen da zitat ende ja frau bundeskanzlerin die welt ist stürmisch geworden auch auf unser land kommt sturm zu und sie sitzen da seit 13 jahren die bundeskanzler hat es in ihrer gesamten regierungszeit nicht geschafft eine außen- und sicherheitspolitische gesamtstrategie für deutschland zu entwerfen man muss davon ausgehen dass sie es nicht wollte und dieses parlament hat es ihr durchgehen lassen und zweitens sie hat das viel geforderte deutsche engagement nicht in die tat umgesetzt weder bei den bündnisverpflichtungen noch bei der migration noch bei den zahlreichen konflikten in der welt in münchen sprach die kanzlerin die themen alle an das macht streben chinas die völkerwanderung aus afrika nach europa der konflikt in der ost ukraine im nahen und mittleren osten in afghanistan in libyen alles richtig erkannt aber wie reagiert deutschland darauf dass sagt die bundesregierung nicht dafür gibt es keine strategie notwendig wären auch konkrete maßnahmen um die gefahren die erkannten gefahren zu entschärfen und der kollege röttgen hat gerade von methoden gesprochen ich will mal eine meinerseits draufsetzen uhr nehmen wir das beispiel russland deutschland hat doch ein vitales interesse daran die immer schärfer werdende konfrontation mit der russischen föderation abzufangen die richtige maßnahme wäre also den nato russland rat tatsächlich tatsächlich wieder zu beleben in dialog zu treten vertrauen aufzubauen ich will ihn nur ein einziges beispiel geben wie man vertrauen aufbaut 2013 arbeitet das deutsche verteidigungsministerium noch an einem militärischen austauschprogramm zwischen der bundeswehr und den russischen streitkräften ganz einfach gehalten ganz neu verteilten auf der kompanie ebene das ziel sich kennenlernen vorurteile abbauen eigenen ihren austausch auf der arbeitsebene dann kam die annexion der krim und der seitdem sind alle bemühungen auf eis gelegt das ist ein fehler es geht doch gerade es geht doch gerade um solche vertrauensbildenden maßnahmen es reicht nicht dass sich nur die regierungschefs außen sicherheit zur verteidigungspolitiker in münchen treffen und appelle an die welt richten sondern auf der arbeitsebene muss vertrauen aufgebaut werden es wäre die aufgabe der bundesregierung im gesamten spektrum der außen und sicherheitspolitik strategien zu entwickeln die die problem lösen können nur nur wenn die regierung solche strategien entwickelt kann sie auch definieren welche mittel sie zur umsetzung benötigt nur dann kann sich ermitteln welchen beitrag sie in einem bündnis leisten will nur dann kann sie auch ermitteln was die bundeswehr können muss und nur dann kann sie auch ermitteln wie viel geld sie tatsächlich dafür braucht ohne eine strategie bleibt der regierung nur die emotionalität das reicht nicht eine rede am ende einer kanzlerschaft ist zu wenig um deutschlands position in der welt zukünftig zu behaupten ja deutschland allein ist in vieler hinsicht zu schwach wir brauchen und wir wollen partner aber auch die müssen wissen was deutschland will danke jetzt kanal abonnieren und nicht vergessen wenn nach richtigen aktivieren,"['AfD Fraktion', 'Alternative für Deutschland', 'Politik', 'Bundestag', 'Rede', 'Rüdiger Lucassen', 'Sicherheit', 'Nato', 'Bundeswehr']",Auf unser Land kommt ein Sturm zu! - Rüdiger Lucassen - AfD-Fraktion im Bundestag,6642
MolWSh04yU0,false,22,UCsys2EX3mERoBzRrPN-FmJg,AfD Fraktion Abgeordnetenhaus Berlin,146,de,,hd,"❗️ TEILEN UND KOMMENTIEREN ❗️

Wir haben die umstrittene Amadeu Antonio Stiftung (kurt: AAS) zur Rede gestellt: 
Warum erhalten Journalisten, DDR-Oppositionelle und Abgeordnete keinen Zutritt zu steuergeldgeförderten Veranstaltung?

Wir finden: ein Unding in einer #Demokratie. Wie ist Ihre Meinung?",2d,11,PT2M49S,0,2019-02-20 21:16:10.168420,False,638,none,afd,rectangular,2019-02-15T17:06:31.000Z,BE,auf nämlich zu sehen wieso soll ich ihnen das mitteilen die umstrittene amadeu antonio stiftung hat ein neues projekt mit linken historikern wie sie die kontrolle über die aufarbeitung kommunistischer verbrechen der ddr an sich ziehen die gedenkstätte hohenschönhausen wurde bereits gesäubert ex-chef knabe musste weg sogar berlins links cdu zog mit hier wird heute ideologische begleitmusik zur entlassung von hubertus knabe inszeniert eine ganz prominente rolle dabei spielt eben eine mitarbeiterin es sollte unter maßgabe ehemaliger mitarbeiter der stasi jetzt das thema aufarbeitung auf linie gebracht werden und wir wollen wir mal umhören was die betroffenen aufarbeiten initiativen und opfer des ddr unrechts dazu zu sagen haben die leute die wieder standen einer diktatur geleistet haben die sollen diskreditiert werden informiert werden aber das perfide daran ist wenn es keine opfer mehr gibt denn die opfer praktischen hinaus muss der geschichte entsorgt werden dann gibt es auch keine täter mehr und das ist das ziel von herrn lederer von stasi annette uns jetzt zu diffamieren und uns in die rechte ecke zu stellen und gar als nazis informieren das ist empörend wo er allein da die eigentlich nicht gelernt hat aus einer diffamierenden versetzen und aus die bürgerrechtlerin und ex bundestagsabgeordnete angelika barbe versucht trotzdem zugang zu dem abgeschirmten treffen zu bekommen übrigens eine veranstaltung gefördert vom land berlin massiv gesichert von grimmigen rote kreuz und andere die sich nach mehr an gemeldet hatten sind aber komm rein wenigstens abschluss podium und das hat mich schon sehr verwundert also ich habe das erlebt da sind wir auch immer ausgesperrt worden und es verwundert mich sehr dass das heute auch wieder der fall ist das wie vor 30 jahren sie haben mich erst mal nach dem namen befragte holten den sicherheitschef und er fragte mich ja wir hatten hausrecht und hier darf keiner rein sie dürfen hier keine auszeichnung machen nein natürlich darauf hingewiesen haus richtig jetzt durchgesetzt und ich muss 30 jahre nach dem fall der mauer soll die deutsche geschichte umgeschrieben und das erbe der friedlichen revolution den bürgerrechtlern gestohlen werden wir halten dagegen,"['AfD', 'Berlin', 'Stasi', 'Demokratie', 'Kahane']",Kein Zuritt! Stasi-Stiftung (Kahane) lehnt Dialog ab.,13429
5pwEugkmIoo,false,22,UCTM3TcPBOQlb9bgO5QoyuXQ,AfD-Fraktion Brandenburg,13,de,,hd,"Warum sollten gutbesuchte Urlaubsziele wie #Marokko, #Algerien, #Georgien und #Tunesien keine sicheren Herkunftsstaaten sein?

Vorgeschobene Gründe von Menschenrechtsverletzung in Einzelfällen sind im Verhältnis nicht dazu geeignet die Entscheidung zu begründen, keine weiteren Abschiebungen in diese Länder vorzunehmen. Der Abgeordnete Thomas Jung führt zu dieser Thematik aus.

Bitte hinterlassen Sie einen Kommentar. Bitte teilen Sie diesen Beitrag und folgen Sie uns bei
Facebook: https://www.facebook.com/afdfraktion
Instagram: https://www.instagram.com/afdfraktionbb
Twitter: https://twitter.com/AfD_FraktionBB

#afd
#afdfraktion
#afdfraktionbb
#politik
#volk
#alternativefuerdeutschland
#landtag
#brandenburg
#potsdam
#kalbitz
#bessin
#nation
#deutsch
#heimat
#familie
#identität
#ltbb
#ltwbb
#ltwbb19",2d,7,PT4M19S,0,2019-02-20 21:16:13.209047,False,194,none,afd,rectangular,2019-02-05T07:28:46.000Z,BB,januar ging es im bundestag um die einstufung algeriens tunesien marokko syrien als sichere herkunftsstaaten nun stellt sich für mich die frage war wo man in die länder in die jedes jahr millionen deutsche im urlaub keine abschiebungen mehr stattfinden dürfen die vorgeschobene gründe von menschenrechtsverletzungen mögen vielleicht in absolut kleinsten ausnahmefällen ich denke da gerade bei den islamischen ländern an homosexuelle und transgender greifen diese argumente ueberhaupt nicht im gegenteil ich kann ihnen sagen ich bin mit meinen kindern durch die orgien gereist es ist ein sicheres land da gibt es im grunde ich habe mit vielen georgi angesprochen das ist im grunde genommen hahne büchern was hier vorhin meine vorrednerin anführte genauso auch tunesien und genauso marokko aber eins ist festzustellen obwohl die grünen-fraktion die kleinste fraktion im landtag brandenburgs ist sie einen enormen druck auf die koalitionsfraktionen aus dass diese forderung dass diese forderung hier der einstufung von den vier ländern verhindert wird ja und wir brauchen uns nur zu erinnern was im grunde genommen eine der ursachen die letztendlich dazu führte erinnern sie sich bitte an dem 19 dezember 2016 da verübte der sunnitische im islam ist alles am wie eine terroristischen anschlag in berlin indem er mit seinem geraubten lkw in eine menschenmenge fuhr auf dem weihnachtsmarkt ja und er dieser islamist dieser salafist anissa war tunesien gewesen dessen abschiebung zweimal scheiterte ya und man muss sich das nur an dem vergegenwärtigen was das bedeutet und ich kann verstehen dass von den rot-roten das nie im grunde genommen sauer sind wenn man sich überlegt dass der herr ben ali der ehemalige staatspräsident von tunesien der sozialist war genosse und ein führendes mitglied in der sozialistischen internationale war dass dieser kleptokraten nachdem er bevor er sein ganzes gold mitgenommen hat nach tschita nach saudi arabien wo er jetzt lebt mit seiner familie das dieser ben ali dieser kleptomanen die die dass dieser kleptomanen die die gefängnisse aufgespart hat und es sind ja das ist ja nun mal ein fakt diese ganzen kriminellen sind hierhergekommen ja überlegt geben sie mal nach düsseldorf und schauen sich dort mal am hauptbahnhof des maghreb viertel an und fragen sie mal dort in düsseldorf ein ich habe das gemacht über weihnachten fragen sie mal die düsseldorfer was sie im grunde genommen über diese maghrebiner erhalten aber sie brauchen gar nicht so weit gehen gehen sie einfach nach doberlug kirchhain und fragen sie dort mal die leute über die macchina die können ihnen auch da einiges erzählen ja also seien sie im grunde genommen mich beleidigt sondern stimmen sie im grunde genommen dieser sache zu es ist einfach was ganz ganz wichtiges das hier einfach klarheit erfolgt was zumindest die matura biener angeht und bei georgien verstehe ich im grunde genommen über ihre haltung überhaupt nicht vielen dank,"['afd', 'afdfraktion', 'afdfraktionbb', 'ltbb', 'ltwbb', 'ltwbb19', 'potsdam', 'landtag', 'kalbitz']",KRANK! Marokko? Tunesien? Da machen Deutsche Urlaub aber ABSCHIEBEN dahin dürfen wir nicht?,1957
feDaNKDT7cM,false,25,UCuBI3Juo3t8u2brDgXvviYw,AfD-Fraktion Hamburg,9,de,de,hd,Die AfD-Fraktion Hamburg fordert öffentliche Soldaten-Gelöbnisse. Die Reaktionen links-grüner Politiker...,2d,3,PT3M3S,0,2019-02-20 21:16:16.067998,False,23,none,afd,rectangular,2019-02-07T12:16:08.000Z,HH,kaum eine stadt oder region in deutschland gibt in der die bundeswehr sich so freundlich angenommen fühlt wie hier bei uns in hamburg sang er historisch herleiten und die aufgaben und den stand der gesetz das was die bundeswehr an an großartige arbeit tut sozusagen uns noch mal beschreiben aber eigentlich gar keinen inhaltlichen grund die verankerung der bundeswehr in die zivilgesellschaft erreicht man nicht durch öffentliche militärische zeremonien die betonen nämlich das trennende zu betonen dass trennen die staatsbürger und staatsbürgerinnen in uniform trifft man dort wo sich die ganze vielfalt der gesellschaft trifft den tag der offenen tür hat herr schumacher schon genannt wir können auch das gemeinsame totengedenken im november im michel den lenker begegnung bei der szenischen lesung zum holocaust gedenktag im rathaus zb am vorigen sonntag veranstaltungen mit vertreterinnen von kirchen und religionsgemeinschaften politische diskussion all das sind die orte wo sich die gesellschaft die hamburgerinnen und hamburger und auch wir natürlich mit vertreterinnen der bundeswehr treffen und das ist auch gut und richtig so passen sie auf dass sie nicht politik mit der bundeswehr machen sondern dass sie politik für die bundeswehr das ritual vermittelt die problematische einfügung der teilnehmerin in das rigide militärische befehls und gehorsam system und die verkehrung der zivilen gewalt ächtung in ein tötungs und sterbe gebot in dem das gelöbnis öffentlich inszeniert wird findet auch eine rituelle vermittlung bestimmter botschaften in den gesellschaftlichen raum hinein statt und sie sind wichtiger bestandteil der militärischen gehorsam produktion mit anderen worten ist es nämlich so dass das militärische tamtam dass bei öffentlichen gelöbnissen oder appellen zum beispiel auf dem rathausmarkt gemacht wird hat nicht unbedingt einen sinnstiftenden wert sondern eher ein wert der darauf vorbereitet zu stiften anstatt gelöbnisse brauchen wir ein stopp der rüstungsexporte sowie eine zivilklausel und wir würden uns auch mal wünschen hamburg als wirklich weltoffene stadt mit einem sinn stiften ritual könnt ihr doch mal die sie wird bei der nächsten promenade im hafengeburtstag vorn anfangen das finden wir richtig gegen das patriarchale und klimatische gebaren beim militär genug wissen,"['AfD', 'Alternative für Deutschland', 'Hamburg', 'Bundeswehr', 'Soldaten', 'Armee', 'Demokratie', 'Meinungsfreiheit', 'Gelöbnis']",AfD-Fraktion fordert öffentliche Soldaten-Gelöbnisse - Reaktionen links-grüner Politiker,352
CGmI8r1Zjxo,false,25,UCKGwbGNh1xwA8S8Q9fGmBbQ,AfD-Fraktion MV,1,,,hd,"+++ Video: Besuch des Stasi-Unterlagen-Archivs Rostock in der Außenstelle Waldeck +++

Impressionen unseres Besuches und eine Schilderung des Erlebten durch unseren Fraktionsvorsitzenden Nikolaus Kramer MdL, haben wir in einem kurzen Video festgehalten!",2d,0,PT2M40S,0,2019-02-20 21:16:19.325610,False,12,none,afd,rectangular,2019-02-15T10:39:28.000Z,MV,die staatssicherheit kurz stasi war der geheimdienst in der sogenannten deutschen demokratischen republik zu spitzenzeiten arbeiteten ca 91.000 mitarbeiter hauptamtlich bei der stasi etwa 189 tausend ddr-bürger waren inoffizielle mitarbeiter kurz em der inlandsgeheimdienst wurde damals missbraucht um sogenannte negativ feindliche kräfte auszuspionieren und informationen zu sammeln unliebsame bürger wurden systematisch überwacht zu den maßnahmen der stasi gehörten neben dm auch das abhören die zersetzung von oppositionellen gruppen die einschleusung von provokateuren verhöre wohnungsdurchsuchungen verdeckte beobachtungen oder gar geruchsproben für spürhunde man stigmatisierte kritiker beispielsweise als problem bürger oder kategorisierte sie in ökologie gruppen oder reaktionäre kirchenkreise 1 doch das blatt wendete sich immer mehr bürger begehrten gegen die sed-diktatur auf die aufarbeitung der stasi gehörte zu den drei kernforderungen der demonstranten neben der deutschen einheit und der forderung nach mehr rechten die ddr ist mittlerweile geschichte die aufarbeitung dauert aber noch an darum kümmert sich seit jahrzehnten die stasiunterlagen behörde der fdp-fraktionsvorsitzende nikolaus kramer besuchte die außenstelle der behörde in waldeck um sich über die arbeit zu informieren außenstelle der bundesbeauftragten für die unterlagen der staatssicherheit der ehemaligen deutschen demokratischen wir haben hier durch den leiter der außenstelle einsatz haben vortrag gehabt konnten viele fragen stellen war wirklich sehr beeindruckend und auch teilweise sehr nahe persönliche schicksale informationen zu bekommen aber auch dabei informationen zu bekommen wie eine diktatur versucht hat sich durch seinen eigenen sicherheitsapparat eine macht zu halten das ist ein absoluter indikator dafür wie glücklich wir uns darüber schätzen können heute in einer demokratie zu leben der solche zustände einer bespitzelung bis den privatesten winkel hinein nicht möglich sind daran muss er unbedingt festhalten die arbeit hier zeigt aber auch dass es wichtig ist dass das nicht in vergessenheit gerät das heißt also auch dass die lehrpläne weiterhin auch die aufarbeitung der ddr-diktatur beinhalten müssen definitiv und eben gegen das vergessen anzugeben und bei der gelegenheit habe ich natürlich heute auch meinen antrag abgegeben auf einsichtnahme falls es eine akte wenn mich geben sollte,"['Landtag', 'AfD', 'MV', 'Mecklenburg-Vorpommern', 'Alternative für Deutschland']",+++ Video: Besuch des Stasi-Unterlagen-Archivs Rostock in der Außenstelle Waldeck +++,48
KVR0uVwiFyY,false,25,UCWfH9YQNq0kos1a-UIA0wOQ,AfD-Fraktion Niedersachsen,1,,,hd,"Dieser Tagesordnungspunkt im Januar-Plenum bot die Gelegenheit sich grundsätzlich dem Verhältnis von Staat und Unternehmen bzw. Staat und Markt zu nähern. „Warum greift der Staat überhaupt in ein Unternehmen bzw. in den Markt ein? Ist es nicht so, dass die „invisible hand“, also die unsichtbare Hand, Angebot und Nachfrage quasi ausgleicht und ideale Bedingungen schafft?“, fragte unser finanzpolitischer Sprecher Peer. 
(Beteiligungsmanagement von Landesbeteiligungen professionalisieren, entpolitisieren und demokratisieren - Antrag der Fraktion der FDP - Drs. 18/2025)",2d,0,PT4M31S,0,2019-02-20 21:16:22.822819,False,51,none,afd,rectangular,2019-02-20T09:04:32.000Z,NI,frau präsidentin meiner damen und herren eine werte abgeordnete der tagesordnungspunkt bietet gelegenheit wenn man jetzt nicht das wiederholen möchte was der doktor birkenau ausgeführt hat mal grundsätzlich hat sich der die verhältnis staat und unternehmen oder staat und markt zu nähren weshalb überhaupt ist es so dass der staat in überhaupt ein unternehmen eingreift in den markt überhaupt eingreift ist es nicht so dass die invisiblehand von adams misst also die unsichtbare hand alles regelt quasi angebot und nachfrage auch klaus leicht und ideale bedingungen schafft nach meinem dafürhalten ist das natürlich so aber mit unerwünschten folgen mit unerwünschten folgen nicht etwa aus weiblicher sicht sondern aus sozialer sicht es gibt darüber hinaus güter die der staat quasi zwingend bereitstellen muss ich denke da nur an die trinkwasserversorgung aber wenn man das ausschließlich dem markt überließe der trinkwasser viel teurer als das ist oder kulturelle angebote während unheimlich viel teurer denken sie nur an theaterkarten was die ohne zuschuss des staates kosten würden häufig greift der staat durch gesetze in den markt ein wir haben davon auch schon einige verabschiedet manchmal ist es eigentlich so dass der staat das ohr noch in der er an masse haben möchte das ist manchmal historisch gewachsen und manchmal auch nicht sondern irgendwelchen erfordernissen geschuldet dann ist der staat sogar selbst an unternehmen beteiligt sitzt zum beispiel in aufsichtsräten großer unternehmen das ist grundsätzlich erstmal kein problem obwohl es natürlich interessenkonflikt gibt irgendwie denn auf der einen seite hat ja der staat allen bürgern also diesen nebulösen gemeinwohl zu dienen und andererseits ist er dann im aufsichtsrat als vertreter natürlich irgendwo diesen unternehmens wohl verpflichtet und da gibt es interessenkonflikt zumindest dann wenn unternehmen und staat nicht ausschließlich gleichgerichtete interessen haben und das ist eigentlich immer so dieser konflikt ist nicht auflösbar was auch nicht weiter schlimm ist wenn der staat nicht durch seine höchsten repräsentanten in diesen aufsichtsgremien präsentiert wird denn dann kommt es beim bürger dazu dass der start gesehen wird als jemand der vielleicht diesen konflikt der eigentlich dieser vertretung innewohnt auch in der person wieder findet und das wird dann zu einem problem und ich möchte zwei aspekte dieses problems mal aufgreifen das erste ist die glaubwürdigkeit das ist natürlich im zuge dieses dieses skandals ganz deutlich geworden da kann der bürger einfach nicht mehr unterscheiden was genau mit welcher stimme spricht der ministerpräsident spricht daher jetzt also als landesvater und vertritt uns alle oder spricht er als jemand der dem wohl des vw-konzerns berechtigt im übrigen durch die ganzen aufsichtsrechte das ist auch klar verpflichtet ist das ist wenn man das nach innen hin kommunizieren kann nach außen aber in die öffentlichkeit eine unheimlich schwierige sache und trägt im übrigen auch nicht gerade dazu bei dass die akzeptanz von politik steigt und das ist ja ihr großes ziel sie wollen ja die gesellschaft verbinden ja der zweite punkt ist natürlich dass mit der fachkompetenz wir wissen dass es gerade wenn man in die aufsichtsräte von banken mit krediten schauen einfach anforderungen gibt die nicht jeder erfüllt also das kann natürlich dazu führen dass die auswahl von ministern dadurch beeinflusst wird ob jemand oder ob jemand nicht diese voraussetzung erfüllt und das ist auch nach meinem dafürhalten auf keinen fall passieren das ist in letzter zeit ganz deutlich zu tage getreten die vw und nord/lb beispiele wurden schon genannt wir sehen und das nehme ich mal schon mal vorweg wird zustimmen dass ich dem antrag zu wir sehen eine lösung darin experten den aufsichtsrat zu schicken doppeltes mann hatte das ja vor der wahl auch schon angekündigt dass er einen wirtschaftsprüfer sich zur seite stellen will besser wäre natürlich gewesen wenn dieser wirtschaftsprüfer haben sie denn eigentlich mittlerweile gefunden hat dr usman wenn der wirtschaftsprüfer selbst im aufsichtsrat sitzen würde ich habe dann im ausschuss noch einmal die idee eingebracht da diese experten das schwierig zu finden sind machen uns nichts vor und wirtschaftsprüfer der trägt einfach die negativen beigeschmack dies bei so einem staatsposten gibt nicht mit der verdienten nämlich einfach viel mehr geld das heißt er kommt in aller regel nicht einfach so zum start aber wir haben ja im staat selber in der landesverwaltung leute die sie die kompetenzen besitzen zum beispiel groß betriebsprüfer die man natürlich für sowas frei stellen könnte sie werden das nicht machen sie wenn ein antrag ablehnen leider wenn wir irgendwas mitgeben können in die zukunft ist es folgendes ja ich bin sofort fällig letzter satz auch präsidentin wenn sie das so machen weiterhin so machen wollen dass er also politiker selber in dieser aufsichtsräte schicken dann sagen sie das zumindest vorher diesmal den wlan machen sie also einen klaren schnitt und sagen sie wenn wir wieder an die macht kommen gehen wir auch selber in die aufsichtsräte das trägt zur politischen klarheit bei danke vielen dank für die cdu fraktion hat sich zu wort gemeldet,"['AFD', 'AfD Niedersachsen', 'Haushalt', 'Finanzen', 'LTNDS']","Warum greift der Staat überhaupt in irgendein Unternehmen ein? – Peer Lilienthal, MdL (AfD)",325
GppZ--1xpjc,false,22,UCeP-mETJStV6mg34dfUl6rA,AfD-Landtagsfraktion NRW,3,de,,hd,"Und das kann jeder sehen. Denn „Wir für Sie im Landtag“ ist für uns mehr als eine Floskel. Die parlamentarische Arbeit ist harte Sacharbeit – orientiert an sauber recherchierten Fakten. 
So auch bei Nic Vogel, Abgeordneter der AfD-Fraktion NRW im Düsseldorfer Landtag, und seinen Mitarbeitern. Wie das im Alltag aussieht? Hier gibt´s einen Blick hinter die Kulissen bei den Vorbereitungen zur neuen Runde in der Feinstaubdebatte.",2d,1,PT1M15S,0,2019-02-20 21:16:25.490765,False,35,none,afd,rectangular,2019-02-18T09:00:00.000Z,NW,ganz deutschland mein name ist max vogel ich bin hier abgeordneter im landtag mit der source sind verkehr und inneres und ich mach die pos die untersuchungsausschüsse da bin ich aber schon darauf vorbereitet jetzt geht es darum dass wir uns hier für das plenum vorbereiten unsere tagesordnungspunkte unsere regel beiträge beziehungsweise meine in diesem fall und da mag ich euch beide jetzt noch bitten irgendwie helft mir nochmal bei der recherche bei ihr möchte ich bei den alltagsgegenständen mal noch mal die werte haben das heißt von von gas härten des kerzen was hier so einfällt was jetzt feinstaub produzenten sind und bei dir machen das im größeren stil das heißt landwirtschaft unwetter oder wie oder vulkanausbrüche wie es im buch ist in die beteiligung bei der ganzen sache jetzt einer von 13 abgeordneten also seid euch sicher dass in den anderen büros jetzt gerade genau so gut wird wie bei uns und ja ihr könnt uns verfolgen auf facebook oder twitter und schon längst an den einstieg haben um zu sehen welche tagesordnungspunkte könnten interessant vielleicht sein und dort mich sehr freuen wenn wir uns von diesem wege wieder sehen,,Wir meinen es ernst! – Nic P. Vogel über anstehende Plenartage,166
rDO8rcNLDMU,false,25,UCC1lqQiOeDls7-yJhXUTXgw,AfD-Fraktion Sachsen-Anhalt,28,,,hd,"Der Vorsitzende der AfD-Fraktion Sachsen-Anhalt und Sprecher für Arbeit, Soziales und Integration, Oliver Kirchner, erläutert die Vorgänge vor und während des AfD-Fraktionsdialogs im Kulturhaus in Salzwedel.
Weitere Informationen finden Sie hier: https://is.gd/M9rVDy",2d,0,PT2M5S,0,2019-02-20 21:16:31.013652,False,103,none,afd,rectangular,2019-02-19T16:59:04.000Z,ST,ja die fdp fraktion sachsen-anhalt lud gestern am 18 02 2009 10 zu einem bürgerdialog nach selbst weder ein wie wir feststellen mussten hatte salzwedel ein relativ großes linksextremismus problem denn zeitgleich fand in diesem ort eine demonstration von linksradikalen strömungen statt die gegen abschiebung nach afghanistan demonstrierten diese protestkundgebung befand sich dann auf dem weg zu unserer veranstaltung und wurde war heute dort praktisch die veranstaltung stürmen wollte sich einlass erzwingen so zu sagen und es kam zu rangeleien pöbeleien schlägereien im einlassbereich wie wir aber feststellen mussten hat die polizei in diesem fall sehr gut vorgesorgt und war mit vielen kräften vor ort und hat er versucht dieses zu unterbinden was es uns zeigt ist das wenn die afd in städte in sachsen-anhalt bürgerdialoge durchführt dass dort immer wieder mit gegenprotest zu rechnen ist in diesem fall war es ein relativ großer bei salzwedel über viele linksradikale strömungen die aus dem wendland dorthin kommen um ich sag mal bürgerdialoge der auf die zu stören und da müssen wir uns natürlich dem entgegengesetzten 80 bis 90 bürger fanden ein das zu unserem bürgerdialog waren interessiert sie haben alle themen bespielt bekommen die sie interessiert haben es wurde alles abgearbeitet was abzuarbeiten ist für die bevölkerung das traurige beispiel dass im anschluss dieses dialogs noch reifen durchstochen worden von einem mitglied der afd der dort vor ort war ist ein sehr trauriges beispiel schlägereien beim einlass sind natürlich ein negativbeispiel für linksradikale strömungen in dieser art und wir lehnen jeglichen jeglichem extremismus egal ob einfach links rechts oder von islamistischen strömungen herkommt ab und werden natürlich uns diese nicht ergeben und werden zeitnah einen nächsten bürgerdialog in salzwedel anstreben wo wir die bürger auch über diese tendenzen weiter aufklären werden,,Schlägereien im Einlassbereich eines AfD-Fraktionsdialogs durch linksradikale Strömungen!,438
YdYzFaMbVL0,false,25,UCn-zMWPr9pmGFi9NzrVPcrg,AfD-Fraktion Schleswig-Holstein,7,de,de,hd,"Jörg Nobis (AfD) kritisiert die teuren Träume der Jamaika-Koalition von „Klimapolitik"" und fordert dazu auf, endlich in sanierungsbedürftige Deiche zu investieren. Sturmfluten und Hochwasser gab es hier bei uns in Schleswig-Holstein schon bevor die Grünen den Klimawandel und Meeresspiegelanstieg zum Hysteriethema Nummer eins gemacht haben.

https://www.welt.de/regionales/hamburg/article189086453/Warum-Ostsee-Sturmfluten-kein-Zeichen-des-Klimawandels-sind.html",2d,4,PT5M28S,0,2019-02-20 21:16:33.687954,False,81,none,afd,rectangular,2019-02-20T13:57:15.000Z,SH,"herr präsident ich habe noch sieben minuten da kann ich noch lange reden herr staeck nach zehn minuten habe ich ja noch das toll aber ab heute wissen wir was eine regierungserklärung dann kostet immerhin eine million euro das reicht für eine regierungserklärung nur schade dass es dann schon gestern auch bekannt war das war wahrscheinlich auch der grund warum sich die reihen bei cdu und vor allem bei spd dann schon gelichtet hat und für die eine oder andere cappuccino pause aber ich hab mal mitgezählt herr minister albrecht sieben mal das wort klimawandel drei mal der böse ansteigende meeresspiegel und dreimal klimaschutz wir sind da sicherlich einig dass sich das klima wandelt und dass wir uns auf die änderung der natur auch einstellen müssen und der küstenschutz gehört natürlich dazu beim klimaschutz gehen unsere meinung sicherlich weit auseinander das ist ja bestimmt kein geheimnis da verrate ich ihnen nichts neues meine damen und herren sturmfluten und hochwasser gab es hier in schleswig-holstein schon bevor die grünen den klimawandel und den meeresspiegelanstieg zum history thema nummer eins gemacht haben ja fast auf den tag genau vor 657 jahren im jahr 1362 gab es in schleswig holstein die zweite marcellos flut auch bekannt als die grote mandränke dabei ging die stadt rungholt unter so damaligen zeit bedeuten da übrigens als die stadt hamburg und schon im elften jahrhundert da wird sich hier haben es noch daran erinnern wahrscheinlich aus alten familien erzählung die friesen haben damals schon im elften jahrhundert angefangen mit dem deichbau in schleswig holstein und wissen sie herr voss was mir noch wirklich niemand wirklich schlüssig erklärt hat bei dieser ganzen heutigen klimawandel diskussion sie haben es ja auch häufig gesagt klimawandel klimawandel klimawandel es konnte mir noch niemand sagen was wie es eigentlich zum ende der letzten eiszeit kam menschen gemacht war der damalige extreme klimawandel ja bestimmt nicht der damals vor 12.000 jahren eingesetzt hat die elbe war ein gletscher fluss kila damals unter einem dicken eispanzer und niemand weiß warum wir heute so eine schöne warmzeit haben wir sehen also das klima und auch der meeresspiegel die haben sich immer schon in der erdgeschichte gewandelt und nicht selten auch relativ schnell innerhalb von wenigen jahrzehnten und ich persönlich ich persönlich bin froh darüber dass wir heute in einer warmzeiten leben und nicht in einem platz jahr denn sonst wäre es ja echt wirklich nicht so schön in schleswig-holstein sie aber herr minister benutzen eine für den norddeutschen winter völlig gewöhnliche sturmflut an der ostseeküste und wieder einmal ihre ideologisch getriebene history politik vom klimawandel an den mann oder an die grüne frau zu bringen und wenn ich noch anmerken darf den höchsten den höchsten jemals gemessenen jahres höchstwasserstand jahres höchstwasserstand an der ostsee in travemünde gab es übrigens im jahr 1872 1872 mit drei meter 25 über normalnull und das war ja wohl noch da sind wir uns wahrscheinlich alle einig das war noch weit vor den großen co2 emissionen aus kohlekraftwerken oder autoverkehr ein so hoher wasserstand wurde seitdem nie wieder erreicht und wir sollten also aufhören alle menschen mit dem klimawandel ständig hier verrückt zu machen das klima wandelt sich ja und wir müssen uns darauf einstellen das ist fakt und punkt und die landesregierung hat heute jetzt dann die bereitstellung von einer million euro als soforthilfe angekündigt das ist löblich dem stimmen wir zu das finden wir gut aber es ist auch nicht viel mehr als der berühmte tropfen auf den heißen stein angesichts nämlich der schäden die die gemeinden an der ostseeküste zu verzeichnen haben herr abgeordneter logisch gestatten sie eine zwischenfrage 93 minuten beitrag draus machen im lauf ich dann gleich gerne meinen und herren sie können es im dritten infrastruktur bericht der landesregierung schwarz auf weiß nachlesen beim küstenschutz gibt es eine finanzierungslücke herrschaft das eben schon gesagt von mindestens mindestens 100 10,5 millionen euro in bezug auf die landes- schutzdeich nun wissen wir die sind meistens an der westküste aber es gibt auch einige landes schutz reiche im an der ostküste und nördlich fehmer die letzte sicherheitsüberprüfung der landeskirche im rahmen der fortschreibung das generalplan küstenschutz des landes schleswig holstein hat ergeben dass 93,6 kilometer der landes schutz teiche den aktuellen sicherheitsstandards nicht genügen und verstärkt werden müssen das sind dann diese klima deiche von denen sie sprachen fast jeder vierte kilometer also jeder vierte kilometer der insgesamt 433 kilometer landes schutzbereich entspricht nicht den notwendigen sicherheitsstandards und muss verstärkt werden und da sind wir denke ich auch einig das ist eine der großen aufgaben für den küstenschutz in schleswig holstein für die kommenden jahr der handlungsbedarf ist also enorm und ich bin wirklich gespannt ob sie über diese eine million euro soforthilfe hinaus für die dann auch in den kommenden haushalt mittel für den küstenschutz und auch den deichbau ob sie dann die mittel aufstocken werden denn eins ist so sicher wie das amen kirche die nächste sturmflut kommt bestimmt ob an nord- oder ostsee und ich hoffe sie kommt noch vor den russen fehlen","['AfD', 'Alternative für Deutschland', 'Klimapolitik', 'Klimaschutz', 'Küstenschutz', '#FridaysForFuture', 'Schleswig-Holstein']","Jörg Nobis (AfD) kritisiert teure „Klimapolitik"" und fordert, endlich die Deiche zu sanieren",561
